{
    "embeddings_length": 32,
    "lr": 2.2802345598904873e-06,
    "f1": 0.14097258147956543
}