{
    "embeddings_length": 64,
    "lr": 6.686091734327192e-05,
    "f1": 0.5918261769270564
}