{
    "embeddings_length": 64,
    "lr": 9.442572987339981e-05,
    "n_topics": 498,
    "alpha": 5.167221836632457,
    "f1": 0.4526642524573202
}